epoch,train_loss,train_acc,val_loss,val_acc,lr,duration_sec
1,0.5253880571645965,0.7240555737525931,0.4331931025537075,0.7910183288111191,1e-05,3395.168910264969
2,0.3962635793744011,0.8154001528551151,0.3736724647383858,0.8259039813943186,1e-05,5970.7945873737335
3,0.3594765414190284,0.8385877279178949,0.2812215432303209,0.8781770862173985,1e-05,5386.376843690872
4,0.3189915333818496,0.8596803690359209,0.2712503434636265,0.883105376820422,1e-05,5252.414059877396
5,0.286496179285176,0.8761464133639043,0.23380337724193961,0.9017664322498478,1e-05,5245.01935005188
6,0.2591829203676873,0.8885113003603013,0.2752623913479447,0.8823855141480702,1e-05,5860.396627187729
7,0.2357006060543298,0.9007806529097063,0.2017895859093382,0.9194307547483249,1e-05,8887.362618207932
8,0.21583185363743437,0.9104364559449721,0.22459165959430188,0.9076914557838197,1e-05,5571.580149412155
9,0.19914601536497972,0.9181679222622557,0.21121978669062955,0.916717426214076,1e-05,5249.144408226013
10,0.1851278702264683,0.9237498635222186,0.19359529477054224,0.9235838086272773,1e-05,5499.8498611450195
11,0.17353132898926757,0.9293659242275357,0.20531601749515796,0.9221994573342932,1e-05,5645.58954334259
12,0.16128705055666484,0.9350638716017032,0.19877873469186955,0.9264078852649649,1e-05,5593.978732585907
13,0.15050278231771042,0.9393697456054154,0.19418461445591795,0.9271277479373166,1e-05,5623.272344827652
14,0.14052103871444055,0.9438803362812535,0.19432283655482352,0.9291212137992136,1e-05,5051.082152605057
15,0.12848121804911034,0.9488617753029807,0.19851649459645238,0.9286228473337395,1e-05,5081.485534191132
16,0.12214086416461607,0.9518438148269461,0.18819343172210667,0.9330527714712885,1e-05,8319.437543153763
17,0.11408647616702132,0.9553035265858718,0.18578118290414913,0.933274267678166,1e-05,5412.308217525482
18,0.10871221319146258,0.9570163227426575,0.19117273013834304,0.9371504512985215,1e-05,5875.287286996841
19,0.10304915618802613,0.9602644939403865,0.21401585495076145,0.9301179467301622,1e-05,5321.439227819443
20,0.0961295737973167,0.962714270116825,0.18770474424449277,0.9383133063846282,1e-05,5667.350694656372
21,0.0922547525145524,0.9639289223714379,0.18797007543791722,0.9414142532809125,1e-05,5906.003929853439
22,0.08727952260599117,0.9665083524402227,0.19052243515067824,0.9369843291433634,1e-05,9236.740817546844
23,0.08160271610312703,0.9684122174909925,0.19079792641287519,0.940860512763719,1.0000000000000002e-06,5837.2588102817535
24,0.07778378911113706,0.9699202969756524,0.2025502467308668,0.9367074588847666,1.0000000000000002e-06,5483.733566522598
25,0.07496683291592912,0.9709029370018561,0.18987538146704883,0.9413035051774739,1.0000000000000002e-06,5531.985718250275
26,0.07519655044053176,0.971005295337919,0.19272617921255436,0.9403621462982447,1.0000000000000002e-06,5753.618360996246
27,0.07442304938165432,0.9713601375696037,0.1940202452978846,0.940583642505122,1.0000000000000002e-06,5786.465933799744
28,0.07456329680205619,0.9711281253411944,0.19254559263342472,0.9392546652638574,1.0000000000000002e-06,5765.416293621063
29,0.07375142388253492,0.9715716781308003,0.19484877644882445,0.9397530317293317,1.0000000000000002e-07,5307.360482215881
30,0.0734965906371081,0.9716399170215089,0.1954466460214317,0.9400852760396479,1.0000000000000002e-07,5419.8177318573
31,0.07289060622186798,0.9719333442515559,0.19196214436757225,0.9399191538844898,1.0000000000000002e-07,8205.816097021103
32,0.07333867678242245,0.9720425264766897,0.19856799974001849,0.9388116728501025,1.0000000000000002e-07,6005.494510650635
